Invoice ID,Branch,City,Customer Type,Gender,Product Line,Unit Price,Quantity,Tax,Total,Date,Time,Payment,Rating,,
INV-1000,C,Delhi,Member,Male,Fashion Accessories,282.28,4,56.46,1185.58,13-03-2023,21:06,Ewallet,8.4,,
INV-1001,C,Delhi,Member,Female,Health and Beauty,39.5,4,7.9,165.9,30-04-2023,18:38,Cash,7.4,,Unique
INV-1002,C,Delhi,Normal,Male,Sports and Travel,593.37,1,29.67,623.04,23-03-2023,21:27,Credit Card,5.7,,Unique
INV-1003,A,Mumbai,Normal,Male,Health and Beauty,386.13,6,115.84,2432.62,26-06-2023,19:16,Cash,8.4,,Unique
INV-1004,C,Delhi,Member,Female,Health and Beauty,556.52,10,278.26,5843.46,05-07-2023,19:12,Ewallet,4.4,,Unique
INV-1005,C,Delhi,Member,Female,Health and Beauty,856.76,2,85.68,1799.2,14-07-2023,14:29,Ewallet,9,,Unique
INV-1006,A,Mumbai,Normal,Female,Electronic Accessories,673.47,2,67.35,1414.29,08-11-2023,20:10,Ewallet,8.4,,Unique
INV-1007,A,Mumbai,Normal,Female,Home and Lifestyle,989.63,9,445.33,9352,23-04-2023,20:20,Cash,5.4,,Unique
INV-1008,A,Mumbai,Normal,Female,Home and Lifestyle,75.53,10,37.77,793.07,11-06-2023,13:41,Credit Card,6.4,,Unique
INV-1009,C,Delhi,Normal,Male,Home and Lifestyle,148.23,9,66.7,1400.77,03-10-2023,14:47,Ewallet,6.6,,Unique
INV-1010,C,Delhi,Normal,Female,Electronic Accessories,997.35,3,149.6,3141.65,18-09-2023,17:05,Cash,9.2,,Unique
INV-1011,A,Mumbai,Member,Female,Food and Beverages,72.89,7,25.51,535.74,02-11-2023,17:33,Credit Card,9.8,,Unique
INV-1012,A,Mumbai,Member,Female,Fashion Accessories,346.77,5,86.69,1820.54,11-08-2023,12:29,Cash,9.7,,Unique
INV-1013,C,Delhi,Normal,Male,Food and Beverages,913.5,5,228.38,4795.88,24-11-2023,18:38,Cash,4.9,,Unique
INV-1014,A,Mumbai,Member,Female,Sports and Travel,29.28,6,8.78,184.46,07-06-2023,13:03,Cash,9.3,,Unique
INV-1015,A,Mumbai,Member,Female,Health and Beauty,978.2,9,440.19,9243.99,06-03-2023,12:42,Credit Card,9.7,,Unique
INV-1016,A,Mumbai,Normal,Female,Electronic Accessories,929.62,4,185.92,3904.4,01-01-2024,14:25,Ewallet,7.9,,Unique
INV-1017,B,Chennai,Normal,Male,Electronic Accessories,232.45,6,69.73,1464.43,11-01-2023,19:35,Cash,7.5,,Unique
INV-1018,A,Mumbai,Member,Male,Electronic Accessories,76.73,1,3.84,80.57,19-06-2023,11:32,Cash,5.7,,Unique
INV-1019,B,Chennai,Member,Male,Fashion Accessories,936.16,10,468.08,9829.68,23-10-2023,17:15,Credit Card,8.8,,Unique
INV-1020,A,Mumbai,Member,Male,Fashion Accessories,436.74,7,152.86,3210.04,30-07-2023,17:55,Ewallet,4.3,,Unique
INV-1021,C,Delhi,Member,Male,Sports and Travel,730.93,2,73.09,1534.95,08-05-2023,13:12,Ewallet,6.7,,Unique
INV-1022,B,Chennai,Member,Female,Sports and Travel,257.31,2,25.73,540.35,15-08-2023,22:55,Ewallet,4.6,,
INV-1023,C,Delhi,Member,Male,Electronic Accessories,174.65,8,69.86,1467.06,04-09-2023,13:55,Credit Card,9.4,,Unique
INV-1024,A,Mumbai,Normal,Male,Sports and Travel,272.55,8,109.02,2289.42,27-05-2023,16:44,Ewallet,10,,
INV-1025,C,Delhi,Normal,Male,Electronic Accessories,303.74,1,15.19,318.93,24-10-2023,21:34,Cash,8.5,,
INV-1026,A,Mumbai,Member,Female,Food and Beverages,920.19,9,414.09,8695.8,22-03-2023,10:32,Cash,9.1,,
INV-1027,A,Mumbai,Member,Male,Sports and Travel,128.69,10,64.35,1351.25,07-05-2023,19:38,Cash,7.7,,
INV-1028,B,Chennai,Normal,Female,Electronic Accessories,673.03,6,201.91,4240.09,03-05-2023,14:25,Cash,8,,
INV-1029,B,Chennai,Normal,Female,Health and Beauty,19.22,10,9.61,201.81,16-10-2023,11:04,Ewallet,5.3,,
INV-1030,B,Chennai,Member,Female,Health and Beauty,880.48,6,264.14,5547.02,26-05-2023,12:28,Ewallet,8.2,,
INV-1031,C,Delhi,Member,Female,Fashion Accessories,112.55,3,16.88,354.53,16-05-2023,11:56,Cash,8.5,,
INV-1032,A,Mumbai,Normal,Female,Food and Beverages,218.52,6,65.56,1376.68,15-04-2023,20:40,Credit Card,7,,
INV-1033,B,Chennai,Member,Male,Fashion Accessories,429.34,5,107.33,2254.03,23-01-2023,10:21,Cash,7.8,,
INV-1034,B,Chennai,Member,Female,Food and Beverages,708.61,9,318.87,6696.36,05-01-2023,11:04,Ewallet,9.4,,
INV-1035,C,Delhi,Member,Female,Food and Beverages,557,7,194.95,4093.95,07-03-2023,10:19,Credit Card,9.4,,
INV-1036,A,Mumbai,Normal,Male,Fashion Accessories,257.03,2,25.7,539.76,01-07-2023,22:35,Credit Card,9.8,,
INV-1037,C,Delhi,Member,Male,Electronic Accessories,976.44,3,146.47,3075.79,31-07-2023,10:11,Ewallet,9.5,,
INV-1038,B,Chennai,Member,Female,Electronic Accessories,789.5,2,78.95,1657.95,15-07-2023,10:54,Credit Card,5.3,,
INV-1039,B,Chennai,Normal,Female,Electronic Accessories,230.69,4,46.14,968.9,24-07-2023,15:17,Cash,9.8,,
INV-1040,B,Chennai,Normal,Female,Fashion Accessories,981.34,9,441.6,9273.66,19-06-2023,10:07,Credit Card,5.1,,
INV-1041,B,Chennai,Member,Male,Food and Beverages,440.22,6,132.07,2773.39,12-08-2023,19:32,Cash,6.3,,
INV-1042,C,Delhi,Member,Female,Health and Beauty,711.7,1,35.59,747.29,24-09-2023,22:34,Ewallet,8.3,,
INV-1043,C,Delhi,Member,Female,Sports and Travel,79.27,6,23.78,499.4,16-11-2023,15:42,Cash,8.3,,
INV-1044,B,Chennai,Normal,Female,Home and Lifestyle,408.38,5,102.1,2144,11-10-2023,12:12,Credit Card,8,,
INV-1045,B,Chennai,Member,Female,Sports and Travel,552.46,1,27.62,580.08,05-06-2023,14:13,Credit Card,8.7,,
INV-1046,C,Delhi,Normal,Female,Sports and Travel,447.74,4,89.55,1880.51,19-09-2023,17:50,Ewallet,5,,
INV-1047,A,Mumbai,Normal,Female,Health and Beauty,820.24,4,164.05,3445.01,11-12-2023,14:14,Cash,4.9,,
INV-1048,A,Mumbai,Member,Female,Food and Beverages,851.24,2,85.12,1787.6,22-08-2023,16:56,Ewallet,7.5,,
INV-1049,C,Delhi,Normal,Female,Sports and Travel,251.54,1,12.58,264.12,24-02-2023,22:27,Cash,5.1,,
INV-1050,C,Delhi,Normal,Male,Food and Beverages,256.71,2,25.67,539.09,22-08-2023,12:51,Credit Card,8,,
INV-1051,C,Delhi,Normal,Female,Food and Beverages,816.86,9,367.59,7719.33,07-08-2023,18:28,Cash,8.5,,
INV-1052,B,Chennai,Normal,Female,Electronic Accessories,841.46,5,210.37,4417.67,24-09-2023,17:40,Cash,5.6,,
INV-1053,A,Mumbai,Normal,Male,Home and Lifestyle,342.49,9,154.12,3236.53,11-02-2023,12:09,Cash,6.3,,
INV-1054,A,Mumbai,Member,Male,Sports and Travel,413.52,9,186.08,3907.76,27-08-2023,16:03,Cash,9,,
INV-1055,B,Chennai,Member,Female,Sports and Travel,15.84,6,4.75,99.79,02-06-2023,22:24,Credit Card,7.2,,
INV-1056,C,Delhi,Member,Female,Electronic Accessories,280.21,8,112.08,2353.76,15-01-2023,16:21,Ewallet,8.1,,
INV-1057,B,Chennai,Member,Female,Electronic Accessories,980.91,9,441.41,9269.6,14-01-2023,16:37,Ewallet,8,,
INV-1058,A,Mumbai,Normal,Male,Sports and Travel,189.91,5,47.48,997.03,14-07-2023,15:13,Credit Card,6,,
INV-1059,B,Chennai,Normal,Female,Home and Lifestyle,836.56,8,334.62,7027.1,10-01-2023,21:34,Cash,10,,
INV-1060,B,Chennai,Member,Male,Fashion Accessories,49.86,1,2.49,52.35,07-05-2023,13:53,Cash,7.7,,
INV-1061,A,Mumbai,Member,Female,Fashion Accessories,123.25,4,24.65,517.65,27-08-2023,21:16,Credit Card,5,,
INV-1062,C,Delhi,Member,Male,Home and Lifestyle,117.02,1,5.85,122.87,09-06-2023,19:43,Credit Card,6.4,,
INV-1063,C,Delhi,Member,Male,Food and Beverages,693.71,4,138.74,2913.58,22-02-2023,21:49,Credit Card,9.1,,
INV-1064,C,Delhi,Member,Male,Home and Lifestyle,537.42,6,161.23,3385.75,05-02-2023,18:41,Credit Card,4.1,,
INV-1065,B,Chennai,Normal,Male,Sports and Travel,961.18,8,384.47,8073.91,29-12-2023,12:27,Cash,8.4,,
INV-1066,C,Delhi,Normal,Female,Sports and Travel,441.22,10,220.61,4632.81,18-05-2023,15:54,Cash,9,,
INV-1067,A,Mumbai,Normal,Female,Electronic Accessories,752.97,10,376.49,7906.19,09-11-2023,20:24,Credit Card,4.2,,
INV-1068,B,Chennai,Member,Female,Electronic Accessories,361.28,5,90.32,1896.72,24-06-2023,14:56,Ewallet,8.2,,
INV-1069,B,Chennai,Member,Male,Health and Beauty,248.94,7,87.13,1829.71,08-09-2023,18:48,Cash,8.1,,
INV-1070,C,Delhi,Normal,Female,Health and Beauty,102.12,4,20.42,428.9,27-07-2023,21:15,Credit Card,8,,
INV-1071,B,Chennai,Normal,Female,Sports and Travel,996.67,9,448.5,9418.53,19-06-2023,15:44,Credit Card,5.6,,
INV-1072,B,Chennai,Member,Male,Fashion Accessories,200.66,2,20.07,421.39,02-10-2023,22:44,Cash,5.1,,
INV-1073,C,Delhi,Normal,Female,Fashion Accessories,593.69,9,267.16,5610.37,02-11-2023,14:06,Cash,5.8,,
INV-1074,B,Chennai,Member,Female,Health and Beauty,710.94,3,106.64,2239.46,21-05-2023,10:03,Ewallet,5.8,,
INV-1075,A,Mumbai,Normal,Male,Health and Beauty,578.32,8,231.33,4857.89,03-09-2023,17:21,Cash,9.8,,
INV-1076,B,Chennai,Normal,Male,Health and Beauty,406.7,2,40.67,854.07,23-10-2023,20:43,Cash,4.9,,
INV-1077,C,Delhi,Normal,Male,Electronic Accessories,127.27,7,44.54,935.43,07-11-2023,19:50,Ewallet,5.4,,
INV-1078,C,Delhi,Normal,Female,Sports and Travel,304.38,10,152.19,3195.99,08-08-2023,14:36,Ewallet,4.4,,
INV-1079,C,Delhi,Member,Male,Fashion Accessories,218.91,2,21.89,459.71,22-03-2023,13:11,Ewallet,4.5,,
INV-1080,A,Mumbai,Normal,Female,Fashion Accessories,597.87,5,149.47,3138.82,17-01-2023,13:18,Ewallet,5.7,,
INV-1081,B,Chennai,Member,Male,Home and Lifestyle,789.95,10,394.98,8294.48,05-12-2023,22:59,Cash,6.6,,
INV-1082,C,Delhi,Member,Male,Home and Lifestyle,828.36,2,82.84,1739.56,31-01-2023,12:50,Credit Card,7.6,,
INV-1083,C,Delhi,Normal,Female,Health and Beauty,474.01,5,118.5,2488.55,25-12-2023,16:17,Ewallet,7.2,,
INV-1084,B,Chennai,Member,Male,Sports and Travel,737.19,10,368.6,7740.5,09-05-2023,10:05,Cash,9.8,,
INV-1085,C,Delhi,Member,Female,Food and Beverages,49.83,3,7.47,156.96,29-08-2023,18:41,Credit Card,9.5,,
INV-1086,A,Mumbai,Normal,Female,Health and Beauty,475.31,7,166.36,3493.53,20-06-2023,15:42,Cash,9.1,,
INV-1087,B,Chennai,Normal,Female,Home and Lifestyle,665.96,7,233.09,4894.81,09-10-2023,10:29,Cash,5.9,,
INV-1088,B,Chennai,Member,Female,Food and Beverages,826.68,1,41.33,868.01,03-12-2023,18:29,Credit Card,4.3,,
INV-1089,C,Delhi,Normal,Female,Fashion Accessories,447.62,1,22.38,470,15-04-2023,14:35,Cash,9.6,,
INV-1090,B,Chennai,Normal,Male,Health and Beauty,973.42,10,486.71,10220.91,03-05-2023,21:10,Credit Card,7.3,,
INV-1091,C,Delhi,Normal,Male,Electronic Accessories,992.33,2,99.23,2083.89,25-08-2023,11:41,Cash,7,,
INV-1092,C,Delhi,Normal,Female,Sports and Travel,836.38,8,334.55,7025.59,05-05-2023,17:35,Cash,6.3,,
INV-1093,C,Delhi,Member,Male,Home and Lifestyle,774.95,7,271.23,5695.88,24-06-2023,22:32,Credit Card,8.9,,
INV-1094,B,Chennai,Normal,Female,Electronic Accessories,452.08,8,180.83,3797.47,26-06-2023,15:35,Ewallet,6.3,,
INV-1095,B,Chennai,Member,Male,Food and Beverages,389.14,7,136.2,2860.18,23-01-2023,15:47,Credit Card,8.2,,
INV-1096,B,Chennai,Normal,Male,Sports and Travel,965.18,3,144.78,3040.32,15-09-2023,19:21,Cash,9.2,,
INV-1097,B,Chennai,Member,Female,Health and Beauty,725.22,7,253.83,5330.37,02-12-2023,12:04,Credit Card,8.7,,
INV-1098,B,Chennai,Normal,Female,Fashion Accessories,89.51,6,26.85,563.91,12-12-2023,18:24,Credit Card,7.8,,
INV-1099,B,Chennai,Member,Male,Electronic Accessories,634.85,5,158.71,3332.96,27-04-2023,21:05,Credit Card,9.9,,
INV-1100,C,Delhi,Member,Female,Electronic Accessories,697.06,1,34.85,731.91,24-01-2023,15:50,Cash,5.8,,
INV-1101,B,Chennai,Normal,Male,Electronic Accessories,535.85,10,267.93,5626.43,16-12-2023,22:11,Cash,5.1,,
INV-1102,C,Delhi,Normal,Male,Sports and Travel,913.7,3,137.06,2878.16,29-04-2023,17:40,Credit Card,6.8,,
INV-1103,C,Delhi,Member,Female,Home and Lifestyle,680.83,3,102.12,2144.61,07-02-2023,17:22,Ewallet,5.8,,
INV-1104,B,Chennai,Normal,Female,Home and Lifestyle,207.22,7,72.53,1523.07,05-09-2023,11:15,Credit Card,7.4,,
INV-1105,C,Delhi,Normal,Female,Health and Beauty,978.17,7,342.36,7189.55,21-05-2023,10:36,Ewallet,8.7,,
INV-1106,A,Mumbai,Normal,Female,Electronic Accessories,610.99,6,183.3,3849.24,23-04-2023,20:12,Ewallet,5.5,,
INV-1107,C,Delhi,Member,Male,Fashion Accessories,649.88,5,162.47,3411.87,14-08-2023,10:37,Credit Card,8.4,,
INV-1108,A,Mumbai,Normal,Female,Fashion Accessories,421.35,4,84.27,1769.67,09-03-2023,22:34,Credit Card,7.2,,
INV-1109,B,Chennai,Member,Female,Sports and Travel,967.71,5,241.93,5080.48,23-06-2023,22:07,Credit Card,9.8,,
INV-1110,A,Mumbai,Member,Female,Food and Beverages,372.12,7,130.24,2735.08,08-01-2023,14:34,Cash,6.7,,
INV-1111,C,Delhi,Normal,Female,Fashion Accessories,940.89,2,94.09,1975.87,12-12-2023,13:30,Cash,7.7,,
INV-1112,C,Delhi,Normal,Male,Fashion Accessories,72.58,8,29.03,609.67,25-12-2023,14:41,Credit Card,4.7,,
INV-1113,A,Mumbai,Member,Female,Sports and Travel,124.96,4,24.99,524.83,03-10-2023,12:24,Credit Card,6.2,,
INV-1114,C,Delhi,Normal,Male,Sports and Travel,658.37,8,263.35,5530.31,12-11-2023,16:17,Cash,8.1,,
INV-1115,A,Mumbai,Normal,Female,Electronic Accessories,856.9,2,85.69,1799.49,18-12-2023,15:34,Ewallet,6.2,,
INV-1116,B,Chennai,Normal,Male,Health and Beauty,949.52,8,379.81,7975.97,16-02-2023,20:13,Ewallet,7.8,,
INV-1117,A,Mumbai,Member,Female,Electronic Accessories,988.93,10,494.46,10383.76,16-04-2023,11:53,Ewallet,5.2,,
INV-1118,A,Mumbai,Member,Female,Electronic Accessories,790.76,10,395.38,8302.98,02-01-2023,14:54,Cash,9.9,,
INV-1119,C,Delhi,Normal,Male,Health and Beauty,664.45,1,33.22,697.67,09-03-2023,10:22,Cash,7.5,,
INV-1120,A,Mumbai,Member,Female,Health and Beauty,135.49,7,47.42,995.85,27-09-2023,11:47,Cash,6.9,,
INV-1121,B,Chennai,Member,Female,Food and Beverages,229.33,10,114.67,2407.97,23-01-2023,21:50,Ewallet,7.1,,
INV-1122,B,Chennai,Member,Male,Sports and Travel,848.83,7,297.09,6238.9,18-12-2023,11:31,Ewallet,9.5,,
INV-1123,A,Mumbai,Member,Female,Food and Beverages,156.85,3,23.53,494.08,21-05-2023,19:40,Ewallet,7.3,,
INV-1124,B,Chennai,Normal,Female,Sports and Travel,510.5,7,178.68,3752.18,20-02-2023,22:44,Cash,9.1,,
INV-1125,C,Delhi,Member,Female,Sports and Travel,889.21,7,311.22,6535.69,23-06-2023,17:25,Credit Card,8.4,,
INV-1126,B,Chennai,Normal,Female,Fashion Accessories,262.34,3,39.35,826.37,18-12-2023,17:04,Cash,9,,
INV-1127,A,Mumbai,Normal,Male,Fashion Accessories,741.41,3,111.21,2335.44,12-10-2023,10:37,Ewallet,7.4,,
INV-1128,C,Delhi,Member,Female,Home and Lifestyle,874.87,7,306.2,6430.29,27-01-2023,14:38,Credit Card,6.1,,
INV-1129,C,Delhi,Member,Male,Fashion Accessories,487.37,2,48.74,1023.48,29-06-2023,18:23,Cash,8.6,,
INV-1130,C,Delhi,Member,Female,Food and Beverages,974.8,10,487.4,10235.4,11-11-2023,20:41,Ewallet,4.2,,
INV-1131,C,Delhi,Normal,Male,Electronic Accessories,280.54,5,70.14,1472.84,23-06-2023,15:00,Cash,9.2,,
INV-1132,C,Delhi,Normal,Male,Electronic Accessories,743.56,1,37.18,780.74,16-02-2023,21:33,Cash,6.3,,
INV-1133,B,Chennai,Normal,Male,Home and Lifestyle,318.52,6,95.56,2006.68,18-10-2023,19:05,Cash,4.9,,
INV-1134,C,Delhi,Member,Male,Home and Lifestyle,448.68,7,157.04,3297.8,06-09-2023,19:28,Credit Card,5.6,,
INV-1135,C,Delhi,Member,Female,Sports and Travel,119.78,10,59.89,1257.69,07-09-2023,18:42,Credit Card,4.3,,
INV-1136,B,Chennai,Member,Male,Electronic Accessories,308.41,4,61.68,1295.32,12-03-2023,22:16,Credit Card,6,,
INV-1137,A,Mumbai,Normal,Female,Electronic Accessories,137.89,9,62.05,1303.06,27-12-2023,13:32,Ewallet,9,,
INV-1138,B,Chennai,Member,Female,Fashion Accessories,51.88,1,2.59,54.47,24-08-2023,11:55,Credit Card,7.5,,
INV-1139,C,Delhi,Normal,Female,Home and Lifestyle,124.02,1,6.2,130.22,16-06-2023,12:51,Ewallet,6.8,,
INV-1140,C,Delhi,Normal,Male,Sports and Travel,846.04,4,169.21,3553.37,12-08-2023,19:25,Ewallet,4.5,,
INV-1141,B,Chennai,Normal,Male,Home and Lifestyle,781.33,2,78.13,1640.79,19-09-2023,20:07,Ewallet,7.1,,
INV-1142,B,Chennai,Normal,Male,Electronic Accessories,111.78,5,27.95,586.85,12-04-2023,12:38,Cash,8.6,,
INV-1143,C,Delhi,Member,Male,Fashion Accessories,499.18,10,249.59,5241.39,24-10-2023,17:43,Ewallet,7.9,,
INV-1144,C,Delhi,Normal,Female,Electronic Accessories,445.37,8,178.15,3741.11,15-08-2023,20:19,Credit Card,7.5,,
INV-1145,B,Chennai,Member,Female,Sports and Travel,457.39,1,22.87,480.26,08-07-2023,14:04,Ewallet,9.2,,
INV-1146,A,Mumbai,Normal,Female,Food and Beverages,558.77,1,27.94,586.71,19-08-2023,22:36,Ewallet,5.1,,
INV-1147,C,Delhi,Normal,Male,Health and Beauty,456.02,6,136.81,2872.93,01-01-2024,11:32,Ewallet,5,,
INV-1148,A,Mumbai,Normal,Female,Food and Beverages,527.52,3,79.13,1661.69,06-07-2023,15:58,Credit Card,6.3,,
INV-1149,B,Chennai,Member,Female,Health and Beauty,336.39,9,151.38,3178.89,14-12-2023,16:18,Credit Card,8.3,,
INV-1150,C,Delhi,Member,Female,Health and Beauty,586.91,3,88.04,1848.77,29-06-2023,14:41,Ewallet,8,,
INV-1151,A,Mumbai,Member,Female,Food and Beverages,382.91,6,114.87,2412.33,07-03-2023,20:44,Ewallet,10,,
INV-1152,C,Delhi,Member,Female,Food and Beverages,368.21,6,110.46,2319.72,08-06-2023,12:13,Credit Card,9.7,,
INV-1153,B,Chennai,Member,Male,Electronic Accessories,163.4,5,40.85,857.85,21-02-2023,18:49,Ewallet,9,,
INV-1154,C,Delhi,Member,Female,Food and Beverages,139.74,7,48.91,1027.09,20-03-2023,12:11,Ewallet,8.6,,
INV-1155,A,Mumbai,Normal,Male,Sports and Travel,370.66,4,74.13,1556.77,16-08-2023,19:18,Ewallet,8.7,,
INV-1156,A,Mumbai,Member,Female,Sports and Travel,904.93,4,180.99,3800.71,08-07-2023,20:36,Credit Card,6.8,,
INV-1157,B,Chennai,Normal,Female,Electronic Accessories,818.72,10,409.36,8596.56,12-03-2023,14:03,Ewallet,6.9,,
INV-1158,B,Chennai,Member,Male,Home and Lifestyle,93.04,3,13.96,293.08,20-05-2023,17:57,Ewallet,4.9,,
INV-1159,B,Chennai,Member,Male,Sports and Travel,885.78,1,44.29,930.07,01-08-2023,10:25,Ewallet,6.2,,
INV-1160,B,Chennai,Member,Female,Electronic Accessories,37.91,2,3.79,79.61,01-01-2024,20:21,Cash,4.8,,
INV-1161,B,Chennai,Normal,Male,Fashion Accessories,474.42,10,237.21,4981.41,03-01-2023,11:01,Credit Card,5.3,,
INV-1162,A,Mumbai,Normal,Male,Home and Lifestyle,245.26,2,24.53,515.05,25-01-2023,13:26,Ewallet,8.8,,
INV-1163,B,Chennai,Member,Male,Sports and Travel,600.77,1,30.04,630.81,20-11-2023,18:36,Cash,8.3,,
INV-1164,B,Chennai,Normal,Male,Food and Beverages,359.29,10,179.65,3772.55,02-08-2023,12:42,Ewallet,4.5,,
INV-1165,B,Chennai,Member,Male,Sports and Travel,874.6,1,43.73,918.33,22-11-2023,16:23,Credit Card,8.5,,
INV-1166,B,Chennai,Member,Female,Electronic Accessories,735.61,2,73.56,1544.78,25-10-2023,21:48,Credit Card,4.8,,
INV-1167,B,Chennai,Normal,Male,Fashion Accessories,469.98,8,187.99,3947.83,20-11-2023,12:51,Cash,4.4,,
INV-1168,B,Chennai,Member,Female,Electronic Accessories,53.37,4,10.67,224.15,22-01-2023,15:59,Credit Card,7.1,,
INV-1169,C,Delhi,Normal,Female,Health and Beauty,755.76,4,151.15,3174.19,27-05-2023,15:55,Cash,9.2,,
INV-1170,B,Chennai,Normal,Male,Home and Lifestyle,442.58,7,154.9,3252.96,14-08-2023,16:21,Cash,7,,
INV-1171,B,Chennai,Normal,Female,Health and Beauty,729.81,2,72.98,1532.6,09-08-2023,19:52,Cash,7.3,,
INV-1172,B,Chennai,Member,Male,Home and Lifestyle,664.31,5,166.08,3487.63,17-08-2023,19:45,Credit Card,5,,
INV-1173,B,Chennai,Normal,Female,Health and Beauty,729.55,6,218.86,4596.16,11-11-2023,16:17,Ewallet,9.9,,
INV-1174,A,Mumbai,Member,Female,Home and Lifestyle,517.96,3,77.69,1631.57,16-01-2023,12:54,Ewallet,8.1,,
INV-1175,B,Chennai,Member,Male,Health and Beauty,243.64,6,73.09,1534.93,05-07-2023,16:36,Cash,7.6,,
INV-1176,C,Delhi,Normal,Female,Home and Lifestyle,449.5,2,44.95,943.95,21-10-2023,12:33,Credit Card,6.4,,
INV-1177,C,Delhi,Normal,Male,Health and Beauty,35.65,3,5.35,112.3,13-09-2023,18:24,Ewallet,4.7,,
INV-1178,B,Chennai,Normal,Male,Food and Beverages,292.72,8,117.09,2458.85,13-04-2023,11:08,Cash,6.7,,
INV-1179,C,Delhi,Normal,Male,Fashion Accessories,967.89,6,290.37,6097.71,08-12-2023,15:45,Cash,7.3,,
INV-1180,B,Chennai,Normal,Male,Fashion Accessories,712.47,3,106.87,2244.28,05-07-2023,18:14,Cash,9.9,,
INV-1181,A,Mumbai,Member,Female,Health and Beauty,367.29,10,183.65,3856.55,08-07-2023,17:51,Ewallet,4.8,,
INV-1182,A,Mumbai,Member,Female,Sports and Travel,999.6,8,399.84,8396.64,27-09-2023,16:49,Credit Card,8.9,,
INV-1183,A,Mumbai,Member,Female,Fashion Accessories,83.42,8,33.37,700.73,15-12-2023,18:22,Cash,9.3,,
INV-1184,C,Delhi,Member,Male,Sports and Travel,507.84,1,25.39,533.23,05-03-2023,18:09,Credit Card,5,,
INV-1185,B,Chennai,Member,Female,Food and Beverages,895.98,2,89.6,1881.56,09-05-2023,13:40,Ewallet,5.6,,
INV-1186,C,Delhi,Normal,Male,Food and Beverages,644.58,10,322.29,6768.09,25-10-2023,12:10,Ewallet,7.7,,
INV-1187,C,Delhi,Normal,Male,Health and Beauty,90.41,10,45.2,949.3,16-05-2023,20:13,Ewallet,6.5,,
INV-1188,C,Delhi,Member,Female,Fashion Accessories,550.12,5,137.53,2888.13,05-09-2023,13:51,Ewallet,6.4,,
INV-1189,B,Chennai,Member,Male,Electronic Accessories,445.21,8,178.08,3739.76,26-08-2023,13:21,Ewallet,4.9,,
INV-1190,C,Delhi,Normal,Female,Sports and Travel,139.46,6,41.84,878.6,21-09-2023,18:06,Credit Card,5.5,,
INV-1191,A,Mumbai,Normal,Female,Electronic Accessories,149.47,1,7.47,156.94,29-05-2023,16:55,Ewallet,6.5,,
INV-1192,A,Mumbai,Normal,Female,Electronic Accessories,765.49,8,306.2,6430.12,21-09-2023,17:31,Credit Card,7,,
INV-1193,A,Mumbai,Normal,Female,Electronic Accessories,222.99,6,66.9,1404.84,25-01-2023,10:18,Credit Card,7.6,,
INV-1194,C,Delhi,Normal,Female,Food and Beverages,18.1,2,1.81,38.01,09-08-2023,12:56,Credit Card,8.4,,
INV-1195,B,Chennai,Normal,Male,Sports and Travel,60.65,9,27.29,573.14,10-04-2023,15:35,Credit Card,4.4,,
INV-1196,C,Delhi,Normal,Female,Food and Beverages,683.59,2,68.36,1435.54,07-03-2023,11:25,Credit Card,8.8,,
INV-1197,B,Chennai,Normal,Male,Electronic Accessories,606.44,7,212.25,4457.33,14-09-2023,10:02,Cash,4.8,,
INV-1198,B,Chennai,Normal,Female,Electronic Accessories,610.2,9,274.59,5766.39,13-03-2023,15:59,Ewallet,5.9,,
INV-1199,B,Chennai,Normal,Female,Food and Beverages,830.01,9,373.5,7843.59,08-09-2023,21:36,Credit Card,6.8,,
INV-1200,A,Mumbai,Normal,Female,Fashion Accessories,118.51,7,41.48,871.05,26-10-2023,14:50,Ewallet,9.2,,
INV-1201,C,Delhi,Member,Female,Home and Lifestyle,967.4,10,483.7,10157.7,23-10-2023,13:46,Cash,7.5,,
INV-1202,A,Mumbai,Normal,Male,Fashion Accessories,249.77,10,124.89,2622.59,25-12-2023,11:12,Cash,6.6,,
INV-1203,B,Chennai,Member,Female,Fashion Accessories,211.85,9,95.33,2001.98,10-11-2023,17:55,Ewallet,8.4,,
INV-1204,C,Delhi,Member,Male,Food and Beverages,331.8,8,132.72,2787.12,27-09-2023,16:20,Cash,6.8,,
INV-1205,C,Delhi,Normal,Female,Fashion Accessories,774.27,5,193.57,4064.92,09-11-2023,17:12,Cash,5.7,,
INV-1206,B,Chennai,Member,Female,Home and Lifestyle,707.85,8,283.14,5945.94,12-06-2023,17:22,Ewallet,9.6,,
INV-1207,C,Delhi,Normal,Female,Health and Beauty,577.74,9,259.98,5459.64,14-07-2023,16:52,Credit Card,9.7,,
INV-1208,A,Mumbai,Normal,Male,Home and Lifestyle,955.76,2,95.58,2007.1,27-06-2023,17:41,Credit Card,8.5,,
INV-1209,A,Mumbai,Member,Female,Food and Beverages,699.21,3,104.88,2202.51,25-02-2023,19:47,Ewallet,5.4,,
INV-1210,A,Mumbai,Member,Male,Health and Beauty,109.2,6,32.76,687.96,30-08-2023,11:43,Cash,4,,
INV-1211,C,Delhi,Member,Female,Fashion Accessories,935.68,8,374.27,7859.71,02-09-2023,20:12,Credit Card,5.9,,
INV-1212,C,Delhi,Member,Male,Fashion Accessories,578.39,9,260.28,5465.79,20-01-2023,12:26,Cash,9.6,,
INV-1213,A,Mumbai,Normal,Female,Electronic Accessories,937.24,5,234.31,4920.51,20-01-2023,10:19,Ewallet,7.6,,
INV-1214,B,Chennai,Normal,Female,Fashion Accessories,547.87,8,219.15,4602.11,10-03-2023,18:29,Credit Card,5.2,,
INV-1215,A,Mumbai,Normal,Male,Fashion Accessories,464.33,5,116.08,2437.73,06-04-2023,10:47,Credit Card,8.7,,
INV-1216,C,Delhi,Member,Male,Food and Beverages,857.59,7,300.16,6303.29,07-08-2023,18:20,Cash,6.4,,
INV-1217,A,Mumbai,Member,Male,Sports and Travel,330.37,4,66.07,1387.55,04-01-2023,14:24,Cash,6.7,,
INV-1218,B,Chennai,Normal,Female,Food and Beverages,725.65,1,36.28,761.93,14-05-2023,20:23,Ewallet,5.4,,
INV-1219,C,Delhi,Member,Female,Home and Lifestyle,168.12,9,75.65,1588.73,27-12-2023,22:19,Ewallet,4.7,,
INV-1220,B,Chennai,Normal,Male,Electronic Accessories,957.79,8,383.12,8045.44,20-03-2023,17:47,Ewallet,6.2,,
INV-1221,C,Delhi,Normal,Male,Electronic Accessories,683.54,10,341.77,7177.17,11-02-2023,18:28,Ewallet,8.2,,
INV-1222,A,Mumbai,Member,Male,Food and Beverages,903.86,4,180.77,3796.21,21-10-2023,18:09,Cash,6,,
INV-1223,C,Delhi,Normal,Male,Fashion Accessories,213.35,10,106.68,2240.18,08-09-2023,11:57,Ewallet,6.7,,
INV-1224,A,Mumbai,Normal,Male,Food and Beverages,421.27,10,210.63,4423.33,30-01-2023,18:29,Ewallet,8.8,,
INV-1225,C,Delhi,Member,Female,Home and Lifestyle,818.29,4,163.66,3436.82,24-10-2023,11:02,Credit Card,6.1,,
INV-1226,A,Mumbai,Member,Male,Sports and Travel,41.42,7,14.5,304.44,03-04-2023,22:08,Ewallet,9.9,,
INV-1227,C,Delhi,Normal,Female,Sports and Travel,454.05,7,158.92,3337.27,12-07-2023,11:43,Ewallet,9.2,,
INV-1228,A,Mumbai,Normal,Male,Electronic Accessories,992.92,7,347.52,7297.96,28-09-2023,12:46,Cash,9,,
INV-1229,A,Mumbai,Normal,Female,Fashion Accessories,721.9,7,252.67,5305.97,30-09-2023,16:52,Cash,5.5,,
INV-1230,B,Chennai,Member,Female,Electronic Accessories,938.04,2,93.8,1969.88,17-01-2023,22:42,Credit Card,7.7,,
INV-1231,A,Mumbai,Member,Male,Health and Beauty,109.89,1,5.49,115.38,17-08-2023,19:43,Ewallet,9.2,,
INV-1232,A,Mumbai,Member,Female,Sports and Travel,242,4,48.4,1016.4,29-01-2023,12:32,Credit Card,5.4,,
INV-1233,C,Delhi,Normal,Female,Electronic Accessories,308.75,3,46.31,972.56,05-12-2023,18:14,Credit Card,5.8,,
INV-1234,A,Mumbai,Member,Female,Food and Beverages,500.66,6,150.2,3154.16,26-11-2023,20:24,Ewallet,5.9,,
INV-1235,B,Chennai,Normal,Male,Home and Lifestyle,382.7,9,172.22,3616.52,31-08-2023,13:54,Cash,5.8,,
INV-1236,C,Delhi,Member,Female,Health and Beauty,566.76,7,198.37,4165.69,13-10-2023,18:08,Credit Card,5.5,,
INV-1237,A,Mumbai,Normal,Male,Sports and Travel,848.66,2,84.87,1782.19,02-10-2023,21:53,Cash,4.3,,
INV-1238,B,Chennai,Member,Male,Electronic Accessories,806.6,10,403.3,8469.3,10-12-2023,18:13,Credit Card,5.3,,
INV-1239,B,Chennai,Normal,Male,Electronic Accessories,937.79,2,93.78,1969.36,03-09-2023,13:44,Ewallet,8.2,,
INV-1240,B,Chennai,Member,Female,Home and Lifestyle,386.86,9,174.09,3655.83,29-11-2023,15:19,Credit Card,6.2,,
INV-1241,B,Chennai,Normal,Male,Fashion Accessories,474.8,6,142.44,2991.24,15-04-2023,15:20,Credit Card,4.3,,
INV-1242,A,Mumbai,Member,Male,Home and Lifestyle,557.78,10,278.89,5856.69,24-10-2023,21:26,Credit Card,4.9,,
INV-1243,B,Chennai,Member,Female,Food and Beverages,835.03,8,334.01,7014.25,09-10-2023,20:43,Credit Card,5.5,,
INV-1244,B,Chennai,Normal,Female,Electronic Accessories,735.44,6,220.63,4633.27,28-03-2023,12:46,Ewallet,6.9,,
INV-1245,C,Delhi,Member,Male,Health and Beauty,945.74,1,47.29,993.03,04-01-2023,16:08,Ewallet,5.4,,
INV-1246,C,Delhi,Member,Male,Electronic Accessories,510.68,6,153.2,3217.28,31-01-2023,19:40,Ewallet,9.6,,
INV-1247,B,Chennai,Normal,Male,Health and Beauty,536.89,7,187.91,3946.14,07-01-2023,10:33,Ewallet,5.6,,
INV-1248,B,Chennai,Member,Female,Electronic Accessories,115.95,2,11.6,243.5,26-09-2023,12:15,Cash,7.7,,
INV-1249,B,Chennai,Normal,Female,Sports and Travel,88.23,7,30.88,648.49,24-08-2023,19:15,Ewallet,5.4,,
INV-1250,C,Delhi,Member,Male,Health and Beauty,411.23,7,143.93,3022.54,10-10-2023,17:03,Ewallet,4.1,,
INV-1251,A,Mumbai,Member,Female,Sports and Travel,648.46,6,194.54,4085.3,17-10-2023,11:57,Ewallet,9.5,,
INV-1252,A,Mumbai,Member,Female,Home and Lifestyle,56.1,2,5.61,117.81,17-12-2023,14:57,Ewallet,7.4,,
INV-1253,A,Mumbai,Member,Female,Health and Beauty,961.85,10,480.93,10099.43,15-03-2023,22:52,Ewallet,8.9,,
INV-1254,A,Mumbai,Normal,Male,Food and Beverages,248.07,7,86.82,1823.31,13-12-2023,18:21,Credit Card,8.5,,
INV-1255,A,Mumbai,Member,Female,Health and Beauty,106.71,4,21.34,448.18,08-02-2023,15:38,Ewallet,9.7,,
INV-1256,B,Chennai,Normal,Male,Fashion Accessories,280.59,8,112.24,2356.96,09-09-2023,13:22,Ewallet,9.6,,
INV-1257,B,Chennai,Member,Female,Health and Beauty,774.45,5,193.61,4065.86,07-05-2023,21:04,Cash,5.6,,
INV-1258,B,Chennai,Member,Female,Home and Lifestyle,367.09,2,36.71,770.89,03-01-2023,14:28,Credit Card,8.6,,
INV-1259,A,Mumbai,Member,Male,Electronic Accessories,436.67,9,196.5,4126.53,12-10-2023,18:26,Cash,4.2,,
INV-1260,B,Chennai,Member,Female,Sports and Travel,22.22,7,7.78,163.32,18-07-2023,22:05,Ewallet,9.4,,
INV-1261,A,Mumbai,Member,Female,Electronic Accessories,147.45,5,36.86,774.11,18-05-2023,17:09,Cash,5,,
INV-1262,B,Chennai,Normal,Female,Sports and Travel,784.84,6,235.45,4944.49,09-05-2023,13:46,Ewallet,7,,
INV-1263,C,Delhi,Member,Female,Health and Beauty,144.13,1,7.21,151.34,22-07-2023,15:53,Ewallet,6.3,,
INV-1264,B,Chennai,Normal,Female,Sports and Travel,817.32,10,408.66,8581.86,11-03-2023,14:20,Ewallet,9.7,,
INV-1265,A,Mumbai,Normal,Female,Electronic Accessories,964.93,6,289.48,6079.06,30-05-2023,21:44,Ewallet,6.9,,
INV-1266,C,Delhi,Member,Female,Sports and Travel,287.5,7,100.62,2113.12,06-07-2023,11:59,Ewallet,5.2,,
INV-1267,C,Delhi,Member,Male,Fashion Accessories,467.01,4,93.4,1961.44,13-08-2023,22:18,Ewallet,4.4,,
INV-1268,B,Chennai,Normal,Male,Fashion Accessories,309.8,5,77.45,1626.45,04-12-2023,12:45,Credit Card,8.7,,
INV-1269,A,Mumbai,Normal,Female,Food and Beverages,406.8,9,183.06,3844.26,21-12-2023,16:34,Cash,8.7,,
INV-1270,B,Chennai,Member,Male,Electronic Accessories,661.03,6,198.31,4164.49,27-03-2023,20:39,Cash,7.4,,
INV-1271,C,Delhi,Normal,Female,Sports and Travel,114.89,2,11.49,241.27,13-05-2023,13:32,Ewallet,7.1,,
INV-1272,C,Delhi,Member,Female,Home and Lifestyle,397.22,10,198.61,4170.81,20-12-2023,18:09,Credit Card,10,,
INV-1273,B,Chennai,Member,Female,Sports and Travel,921.34,2,92.13,1934.81,01-03-2023,21:09,Credit Card,5.9,,
INV-1274,B,Chennai,Member,Female,Home and Lifestyle,481.4,8,192.56,4043.76,23-12-2023,17:20,Cash,5.8,,
INV-1275,C,Delhi,Member,Male,Home and Lifestyle,651.49,3,97.72,2052.19,05-05-2023,18:11,Ewallet,5,,
INV-1276,C,Delhi,Normal,Female,Electronic Accessories,799.78,3,119.97,2519.31,06-04-2023,20:42,Credit Card,6.4,,
INV-1277,C,Delhi,Member,Female,Food and Beverages,435.26,1,21.76,457.02,27-12-2023,13:13,Credit Card,8.5,,
INV-1278,A,Mumbai,Member,Male,Home and Lifestyle,332.73,8,133.09,2794.93,28-02-2023,14:42,Credit Card,7.2,,
INV-1279,C,Delhi,Normal,Female,Food and Beverages,398.62,2,39.86,837.1,28-06-2023,15:54,Credit Card,7.7,,
INV-1280,C,Delhi,Normal,Male,Fashion Accessories,142.61,2,14.26,299.48,03-05-2023,14:07,Cash,6.2,,
INV-1281,A,Mumbai,Normal,Female,Food and Beverages,146.49,7,51.27,1076.7,05-08-2023,12:31,Ewallet,7.2,,
INV-1282,C,Delhi,Member,Male,Sports and Travel,295.95,3,44.39,932.24,11-06-2023,17:39,Cash,9.2,,
INV-1283,A,Mumbai,Normal,Male,Electronic Accessories,817.06,9,367.68,7721.22,16-09-2023,20:31,Credit Card,8.1,,
INV-1284,B,Chennai,Normal,Female,Electronic Accessories,91.84,1,4.59,96.43,23-04-2023,14:02,Credit Card,5.3,,
INV-1285,B,Chennai,Member,Female,Food and Beverages,745.09,8,298.04,6258.76,09-10-2023,18:07,Ewallet,4.7,,
INV-1286,C,Delhi,Normal,Male,Fashion Accessories,446.95,4,89.39,1877.19,06-08-2023,11:47,Ewallet,8.5,,
INV-1287,B,Chennai,Member,Female,Home and Lifestyle,355.09,2,35.51,745.69,13-08-2023,11:49,Cash,5.3,,
INV-1288,C,Delhi,Normal,Female,Electronic Accessories,619.99,4,124,2603.96,16-04-2023,22:03,Ewallet,6.1,,
INV-1289,B,Chennai,Member,Female,Fashion Accessories,299.71,10,149.85,3146.95,17-05-2023,18:57,Ewallet,8.9,,
INV-1290,A,Mumbai,Normal,Male,Home and Lifestyle,868.38,3,130.26,2735.4,26-12-2023,12:15,Cash,8.3,,
INV-1291,A,Mumbai,Normal,Female,Electronic Accessories,581.65,5,145.41,3053.66,18-11-2023,16:24,Credit Card,4.5,,
INV-1292,A,Mumbai,Normal,Female,Fashion Accessories,936.97,6,281.09,5902.91,21-08-2023,17:20,Ewallet,4,,
INV-1293,C,Delhi,Member,Female,Fashion Accessories,667.5,6,200.25,4205.25,02-02-2023,22:34,Credit Card,5.3,,
INV-1294,B,Chennai,Member,Female,Home and Lifestyle,329.64,5,82.41,1730.61,22-06-2023,18:36,Cash,7.4,,
INV-1295,B,Chennai,Normal,Male,Health and Beauty,108.58,8,43.43,912.07,09-01-2023,11:59,Cash,6.6,,
INV-1296,A,Mumbai,Normal,Male,Fashion Accessories,910.31,5,227.58,4779.13,23-03-2023,14:05,Ewallet,6.2,,
INV-1297,A,Mumbai,Normal,Male,Health and Beauty,402.38,5,100.6,2112.5,25-12-2023,22:14,Credit Card,7.9,,
INV-1298,C,Delhi,Member,Male,Electronic Accessories,482.04,3,72.31,1518.43,31-10-2023,13:33,Ewallet,6.7,,
INV-1299,A,Mumbai,Normal,Male,Sports and Travel,697.09,8,278.84,5855.56,06-02-2023,13:24,Cash,8.4,,
INV-1300,A,Mumbai,Member,Female,Home and Lifestyle,882.18,3,132.33,2778.87,15-07-2023,22:52,Cash,7.8,,
INV-1301,C,Delhi,Member,Male,Food and Beverages,567.66,10,283.83,5960.43,29-11-2023,12:28,Credit Card,8.3,,
INV-1302,C,Delhi,Member,Female,Food and Beverages,689.7,4,137.94,2896.74,14-02-2023,11:08,Cash,7.5,,
INV-1303,B,Chennai,Normal,Female,Home and Lifestyle,793.17,4,158.63,3331.31,22-05-2023,20:05,Cash,7.3,,
INV-1304,C,Delhi,Normal,Male,Fashion Accessories,877.07,4,175.41,3683.69,23-09-2023,19:32,Cash,8.5,,
INV-1305,B,Chennai,Member,Male,Sports and Travel,392.03,4,78.41,1646.53,13-09-2023,20:38,Cash,7.2,,
INV-1306,A,Mumbai,Normal,Female,Electronic Accessories,392.97,10,196.49,4126.19,04-08-2023,15:34,Ewallet,5,,
INV-1307,B,Chennai,Member,Male,Food and Beverages,76.86,5,19.22,403.52,21-04-2023,10:59,Cash,9.7,,
INV-1308,B,Chennai,Normal,Female,Sports and Travel,704.79,2,70.48,1480.06,24-11-2023,18:34,Ewallet,4.9,,
INV-1309,A,Mumbai,Normal,Male,Food and Beverages,921.72,3,138.26,2903.42,02-10-2023,15:25,Ewallet,7.8,,
INV-1310,C,Delhi,Member,Female,Fashion Accessories,443.11,4,88.62,1861.06,30-01-2023,13:05,Credit Card,4.7,,
INV-1311,C,Delhi,Member,Female,Fashion Accessories,744.28,3,111.64,2344.48,03-03-2023,10:45,Cash,8.2,,
INV-1312,A,Mumbai,Normal,Female,Food and Beverages,522.05,5,130.51,2740.76,27-03-2023,15:08,Ewallet,8.7,,
INV-1313,B,Chennai,Member,Male,Home and Lifestyle,809.04,5,202.26,4247.46,26-09-2023,11:16,Ewallet,9.9,,
INV-1314,C,Delhi,Member,Female,Sports and Travel,515.67,1,25.78,541.45,13-09-2023,19:10,Credit Card,4.9,,
INV-1315,A,Mumbai,Member,Male,Fashion Accessories,513.74,1,25.69,539.43,07-01-2023,13:02,Credit Card,6.2,,
INV-1316,A,Mumbai,Member,Male,Food and Beverages,805.08,7,281.78,5917.34,25-04-2023,15:15,Credit Card,9.5,,
INV-1317,B,Chennai,Normal,Male,Food and Beverages,379.08,9,170.59,3582.31,11-12-2023,10:11,Cash,8.8,,
INV-1318,A,Mumbai,Normal,Male,Sports and Travel,867.37,5,216.84,4553.69,17-06-2023,11:35,Credit Card,4,,
INV-1319,A,Mumbai,Normal,Female,Fashion Accessories,626.49,8,250.6,5262.52,08-07-2023,19:31,Cash,8.4,,
INV-1320,C,Delhi,Member,Male,Health and Beauty,933.07,1,46.65,979.72,30-04-2023,18:22,Ewallet,9,,
INV-1321,A,Mumbai,Normal,Male,Fashion Accessories,382.51,5,95.63,2008.18,23-02-2023,13:33,Cash,6.5,,
INV-1322,A,Mumbai,Member,Female,Health and Beauty,53.46,4,10.69,224.53,24-09-2023,16:44,Credit Card,6.8,,
INV-1323,C,Delhi,Member,Male,Food and Beverages,142.18,7,49.76,1045.02,08-02-2023,19:36,Cash,6.6,,
INV-1324,A,Mumbai,Member,Female,Home and Lifestyle,852.4,7,298.34,6265.14,25-12-2023,21:20,Credit Card,6.7,,
INV-1325,A,Mumbai,Member,Male,Electronic Accessories,782.14,10,391.07,8212.47,25-02-2023,12:06,Cash,6.7,,
INV-1326,B,Chennai,Normal,Male,Food and Beverages,364.7,4,72.94,1531.74,20-08-2023,14:29,Credit Card,9.1,,
INV-1327,A,Mumbai,Member,Female,Fashion Accessories,699.91,1,35,734.91,21-04-2023,15:09,Cash,8.3,,
INV-1328,B,Chennai,Normal,Male,Fashion Accessories,305.85,3,45.88,963.43,16-01-2023,16:54,Credit Card,7.3,,
INV-1329,C,Delhi,Member,Male,Sports and Travel,110.89,3,16.63,349.3,04-03-2023,10:03,Cash,4.8,,
INV-1330,B,Chennai,Normal,Male,Food and Beverages,590.26,2,59.03,1239.55,12-01-2023,11:12,Ewallet,6.7,,
INV-1331,A,Mumbai,Member,Female,Health and Beauty,52.27,8,20.91,439.07,26-01-2023,12:59,Ewallet,6.6,,
INV-1332,C,Delhi,Normal,Female,Health and Beauty,388.9,7,136.11,2858.41,30-03-2023,15:13,Cash,5.6,,
INV-1333,B,Chennai,Member,Male,Food and Beverages,622.98,4,124.6,2616.52,28-11-2023,14:31,Credit Card,9.3,,
INV-1334,B,Chennai,Member,Male,Home and Lifestyle,389.19,7,136.22,2860.55,13-04-2023,20:56,Ewallet,5.5,,
INV-1335,C,Delhi,Member,Female,Fashion Accessories,365.52,9,164.48,3454.16,06-09-2023,15:58,Ewallet,7,,
INV-1336,B,Chennai,Normal,Male,Health and Beauty,325.69,4,65.14,1367.9,16-01-2023,22:49,Credit Card,4.4,,
INV-1337,B,Chennai,Normal,Male,Electronic Accessories,109.13,4,21.83,458.35,17-05-2023,18:52,Ewallet,4.3,,
INV-1338,A,Mumbai,Normal,Female,Electronic Accessories,184.34,10,92.17,1935.57,12-06-2023,22:47,Ewallet,6.2,,
INV-1339,C,Delhi,Member,Female,Food and Beverages,567.97,10,283.99,5963.69,07-04-2023,22:56,Credit Card,7.3,,
INV-1340,A,Mumbai,Normal,Male,Health and Beauty,65.61,10,32.8,688.9,23-04-2023,10:33,Credit Card,4,,
INV-1341,C,Delhi,Member,Male,Home and Lifestyle,719.77,6,215.93,4534.55,31-01-2023,10:09,Ewallet,8.2,,
INV-1342,A,Mumbai,Member,Female,Health and Beauty,379.85,7,132.95,2791.9,28-10-2023,11:21,Credit Card,5.9,,
INV-1343,A,Mumbai,Normal,Female,Fashion Accessories,324.11,9,145.85,3062.84,22-12-2023,19:50,Credit Card,5.3,,
INV-1344,C,Delhi,Member,Female,Home and Lifestyle,736.66,5,184.16,3867.46,07-03-2023,12:46,Cash,9.7,,
INV-1345,C,Delhi,Normal,Male,Electronic Accessories,606.36,10,303.18,6366.78,24-04-2023,20:36,Cash,9.6,,
INV-1346,A,Mumbai,Normal,Male,Electronic Accessories,353.34,6,106,2226.04,27-03-2023,20:56,Cash,8.9,,
INV-1347,C,Delhi,Normal,Female,Health and Beauty,272.56,4,54.51,1144.75,21-12-2023,11:22,Credit Card,8.7,,
INV-1348,C,Delhi,Member,Male,Sports and Travel,443.84,7,155.34,3262.22,27-03-2023,16:31,Credit Card,6.1,,
INV-1349,B,Chennai,Member,Female,Food and Beverages,654.46,4,130.89,2748.73,25-03-2023,17:04,Cash,5.8,,
INV-1350,B,Chennai,Normal,Male,Health and Beauty,348.39,7,121.94,2560.67,24-03-2023,21:04,Ewallet,9.7,,
INV-1351,A,Mumbai,Normal,Female,Fashion Accessories,40.68,3,6.1,128.14,07-11-2023,16:10,Cash,4.6,,
INV-1352,A,Mumbai,Member,Female,Fashion Accessories,558.57,9,251.36,5278.49,16-05-2023,20:18,Credit Card,5.4,,
INV-1353,A,Mumbai,Normal,Female,Electronic Accessories,63.96,1,3.2,67.16,07-08-2023,11:18,Ewallet,7.8,,
INV-1354,B,Chennai,Member,Male,Health and Beauty,214.88,5,53.72,1128.12,11-02-2023,17:54,Cash,5.9,,
INV-1355,B,Chennai,Normal,Female,Fashion Accessories,272.35,9,122.56,2573.71,18-07-2023,12:23,Credit Card,6.2,,
INV-1356,B,Chennai,Member,Female,Sports and Travel,470.41,4,94.08,1975.72,18-05-2023,19:03,Cash,8.5,,
INV-1357,C,Delhi,Member,Male,Fashion Accessories,350.35,9,157.66,3310.81,31-07-2023,22:37,Cash,7.3,,
INV-1358,B,Chennai,Normal,Female,Food and Beverages,882.84,8,353.14,7415.86,03-06-2023,11:25,Ewallet,4.2,,
INV-1359,C,Delhi,Member,Male,Sports and Travel,181.15,3,27.17,570.62,19-04-2023,22:12,Cash,4.3,,
INV-1360,A,Mumbai,Normal,Male,Fashion Accessories,156.4,10,78.2,1642.2,13-05-2023,15:58,Ewallet,9.5,,
INV-1361,A,Mumbai,Member,Female,Food and Beverages,403.38,6,121.01,2541.29,22-05-2023,18:29,Cash,8.7,,
INV-1362,C,Delhi,Normal,Male,Sports and Travel,158.15,10,79.08,1660.58,29-10-2023,19:48,Cash,9.5,,
INV-1363,C,Delhi,Member,Female,Food and Beverages,881.33,7,308.47,6477.78,16-05-2023,16:41,Credit Card,7.4,,
INV-1364,B,Chennai,Member,Male,Home and Lifestyle,408.94,10,204.47,4293.87,08-11-2023,20:44,Credit Card,4.2,,
INV-1365,B,Chennai,Member,Male,Fashion Accessories,480.47,5,120.12,2522.47,10-07-2023,10:21,Credit Card,5.9,,
INV-1366,B,Chennai,Member,Male,Electronic Accessories,307.48,8,122.99,2582.83,14-06-2023,14:46,Credit Card,7.6,,
INV-1367,A,Mumbai,Member,Female,Electronic Accessories,914.3,7,320,6720.1,06-09-2023,22:33,Credit Card,8.9,,
INV-1368,C,Delhi,Member,Male,Home and Lifestyle,712.47,7,249.36,5236.65,11-03-2023,22:54,Ewallet,9.3,,
INV-1369,A,Mumbai,Member,Male,Electronic Accessories,838.61,4,167.72,3522.16,17-01-2023,17:03,Credit Card,8.2,,
INV-1370,B,Chennai,Normal,Female,Food and Beverages,402.97,2,40.3,846.24,15-12-2023,10:15,Credit Card,6.9,,
INV-1371,B,Chennai,Member,Female,Food and Beverages,555.82,6,166.75,3501.67,25-03-2023,14:47,Ewallet,4.5,,
INV-1372,A,Mumbai,Normal,Male,Electronic Accessories,855.28,4,171.06,3592.18,24-04-2023,20:14,Ewallet,5.2,,
INV-1373,C,Delhi,Normal,Male,Fashion Accessories,18.81,3,2.82,59.25,28-11-2023,12:38,Cash,5.3,,
INV-1374,C,Delhi,Normal,Female,Sports and Travel,896.53,6,268.96,5648.14,24-08-2023,14:13,Credit Card,5.8,,
INV-1375,C,Delhi,Normal,Male,Health and Beauty,516.4,6,154.92,3253.32,15-10-2023,20:38,Ewallet,5.7,,
INV-1376,C,Delhi,Member,Female,Health and Beauty,342.92,5,85.73,1800.33,24-11-2023,15:55,Credit Card,5.6,,
INV-1377,C,Delhi,Normal,Male,Electronic Accessories,522.12,4,104.42,2192.9,30-01-2023,22:54,Ewallet,6.4,,
INV-1378,B,Chennai,Member,Male,Fashion Accessories,502.4,5,125.6,2637.6,13-05-2023,16:25,Credit Card,8.4,,
INV-1379,C,Delhi,Member,Female,Fashion Accessories,716.24,9,322.31,6768.47,23-11-2023,22:30,Ewallet,6.2,,
INV-1380,B,Chennai,Member,Male,Home and Lifestyle,106.63,3,15.99,335.88,13-05-2023,21:51,Ewallet,8.6,,
INV-1381,A,Mumbai,Normal,Male,Electronic Accessories,361.73,5,90.43,1899.08,04-08-2023,22:56,Credit Card,6.2,,
INV-1382,C,Delhi,Normal,Female,Health and Beauty,475.83,10,237.92,4996.22,25-10-2023,19:04,Credit Card,9.3,,
INV-1383,C,Delhi,Member,Female,Food and Beverages,305.37,1,15.27,320.64,19-03-2023,12:12,Credit Card,6.5,,
INV-1384,C,Delhi,Normal,Male,Home and Lifestyle,863.77,3,129.57,2720.88,11-02-2023,17:21,Ewallet,9.9,,
INV-1385,B,Chennai,Member,Male,Sports and Travel,280.79,3,42.12,884.49,23-10-2023,22:10,Credit Card,8.7,,
INV-1386,A,Mumbai,Member,Female,Fashion Accessories,435.12,7,152.29,3198.13,02-09-2023,16:00,Cash,7.2,,
INV-1387,C,Delhi,Normal,Male,Home and Lifestyle,759.28,9,341.68,7175.2,08-04-2023,10:43,Cash,7.8,,
INV-1388,A,Mumbai,Member,Female,Home and Lifestyle,137.64,7,48.17,1011.65,15-09-2023,19:19,Cash,4.4,,
INV-1389,A,Mumbai,Normal,Female,Sports and Travel,730.55,10,365.28,7670.78,26-09-2023,15:27,Ewallet,10,,
INV-1390,B,Chennai,Normal,Female,Electronic Accessories,173.23,7,60.63,1273.24,10-01-2023,13:14,Ewallet,9.9,,
INV-1391,A,Mumbai,Member,Male,Health and Beauty,372.93,1,18.65,391.58,12-07-2023,20:16,Ewallet,7.7,,
INV-1392,C,Delhi,Member,Male,Fashion Accessories,837.76,1,41.89,879.65,20-12-2023,11:26,Credit Card,6.3,,
INV-1393,C,Delhi,Normal,Female,Fashion Accessories,161.6,1,8.08,169.68,04-06-2023,16:42,Cash,8,,
INV-1394,B,Chennai,Member,Female,Health and Beauty,516.47,10,258.24,5422.94,02-03-2023,14:07,Cash,7,,
INV-1395,C,Delhi,Member,Female,Food and Beverages,973.39,6,292.02,6132.36,27-12-2023,16:18,Cash,4.2,,
INV-1396,B,Chennai,Member,Female,Home and Lifestyle,242.16,1,12.11,254.27,10-12-2023,11:58,Cash,9,,
INV-1397,C,Delhi,Normal,Male,Health and Beauty,781.73,2,78.17,1641.63,21-02-2023,14:41,Cash,6.7,,
INV-1398,B,Chennai,Normal,Female,Health and Beauty,108.81,3,16.32,342.75,21-01-2023,14:23,Ewallet,5.9,,
INV-1399,C,Delhi,Member,Male,Health and Beauty,19.58,3,2.94,61.68,06-12-2023,20:10,Credit Card,6.1,,
INV-1400,B,Chennai,Normal,Male,Home and Lifestyle,816.81,3,122.52,2572.95,28-02-2023,16:25,Credit Card,5.6,,
INV-1401,B,Chennai,Normal,Female,Fashion Accessories,887.26,3,133.09,2794.87,27-02-2023,12:44,Ewallet,4.4,,
INV-1402,A,Mumbai,Member,Female,Food and Beverages,487.85,10,243.93,5122.43,14-12-2023,17:11,Ewallet,6.3,,
INV-1403,B,Chennai,Member,Male,Sports and Travel,921.19,2,92.12,1934.5,30-07-2023,17:02,Cash,5.6,,
INV-1404,B,Chennai,Member,Male,Fashion Accessories,874.41,9,393.48,8263.17,25-09-2023,21:44,Ewallet,4.6,,
INV-1405,C,Delhi,Member,Female,Home and Lifestyle,667.07,7,233.47,4902.96,18-03-2023,18:57,Ewallet,4.3,,
INV-1406,C,Delhi,Member,Female,Sports and Travel,870.72,2,87.07,1828.51,09-09-2023,15:15,Credit Card,9.8,,
INV-1407,A,Mumbai,Member,Female,Sports and Travel,818.93,2,81.89,1719.75,24-08-2023,17:51,Ewallet,6.7,,
INV-1408,B,Chennai,Normal,Female,Health and Beauty,980.86,1,49.04,1029.9,22-02-2023,16:26,Cash,7.3,,
INV-1409,A,Mumbai,Member,Female,Food and Beverages,566.71,8,226.68,4760.36,24-06-2023,15:52,Cash,8.9,,
INV-1410,B,Chennai,Normal,Female,Fashion Accessories,660.6,8,264.24,5549.04,28-02-2023,11:48,Ewallet,5.3,,
INV-1411,B,Chennai,Normal,Female,Food and Beverages,526.77,2,52.68,1106.22,24-01-2023,12:31,Cash,8.9,,
INV-1412,C,Delhi,Normal,Male,Home and Lifestyle,614.74,4,122.95,2581.91,03-03-2023,16:13,Credit Card,8.9,,
INV-1413,A,Mumbai,Normal,Male,Sports and Travel,56.04,10,28.02,588.42,05-03-2023,22:57,Credit Card,6.7,,
INV-1414,C,Delhi,Member,Female,Health and Beauty,535.06,1,26.75,561.81,11-10-2023,16:53,Ewallet,6.9,,
INV-1415,C,Delhi,Member,Male,Fashion Accessories,817.09,2,81.71,1715.89,18-07-2023,20:38,Ewallet,9.3,,
INV-1416,C,Delhi,Normal,Female,Food and Beverages,916.75,4,183.35,3850.35,21-05-2023,16:21,Credit Card,6.7,,
INV-1417,A,Mumbai,Member,Female,Food and Beverages,703.01,9,316.35,6643.44,03-06-2023,21:35,Credit Card,8.3,,
INV-1418,C,Delhi,Member,Male,Electronic Accessories,627.93,5,156.98,3296.63,18-12-2023,15:58,Ewallet,4.8,,
INV-1419,C,Delhi,Member,Female,Fashion Accessories,124.25,6,37.27,782.77,15-10-2023,17:37,Ewallet,9.7,,
INV-1420,C,Delhi,Normal,Female,Sports and Travel,810.22,9,364.6,7656.58,24-02-2023,10:24,Cash,4.3,,
INV-1421,A,Mumbai,Member,Female,Electronic Accessories,983.7,5,245.93,5164.43,16-03-2023,10:44,Credit Card,5.2,,
INV-1422,C,Delhi,Member,Female,Sports and Travel,111.46,9,50.16,1053.3,25-04-2023,21:41,Ewallet,6.3,,
INV-1423,C,Delhi,Normal,Male,Sports and Travel,393.68,6,118.1,2480.18,10-10-2023,10:00,Ewallet,5.5,,
INV-1424,C,Delhi,Normal,Male,Fashion Accessories,707.58,6,212.27,4457.75,29-10-2023,18:47,Ewallet,5.2,,
INV-1425,C,Delhi,Member,Female,Sports and Travel,185.65,2,18.57,389.87,06-04-2023,12:47,Ewallet,4.7,,
INV-1426,A,Mumbai,Normal,Female,Food and Beverages,271.6,3,40.74,855.54,27-10-2023,14:00,Credit Card,6.8,,
INV-1427,A,Mumbai,Member,Male,Home and Lifestyle,600.91,10,300.45,6309.55,05-12-2023,14:31,Ewallet,7.3,,
INV-1428,A,Mumbai,Normal,Male,Electronic Accessories,525.4,9,236.43,4965.03,23-03-2023,16:34,Ewallet,6.4,,
INV-1429,B,Chennai,Member,Male,Fashion Accessories,338.56,6,101.57,2132.93,31-05-2023,13:48,Ewallet,7.2,,
INV-1430,C,Delhi,Member,Male,Fashion Accessories,352.55,4,70.51,1480.71,25-11-2023,19:58,Ewallet,5.5,,
INV-1431,A,Mumbai,Normal,Female,Health and Beauty,392.02,9,176.41,3704.59,25-05-2023,10:58,Ewallet,8.9,,
INV-1432,B,Chennai,Normal,Female,Health and Beauty,303.47,4,60.69,1274.57,14-06-2023,18:05,Cash,5,,
INV-1433,C,Delhi,Member,Male,Electronic Accessories,673.63,4,134.73,2829.25,17-12-2023,16:53,Cash,5.2,,
INV-1434,C,Delhi,Normal,Male,Fashion Accessories,689.18,1,34.46,723.64,24-08-2023,21:21,Cash,4.5,,
INV-1435,A,Mumbai,Member,Female,Food and Beverages,79.74,4,15.95,334.91,13-05-2023,16:24,Credit Card,7.8,,
INV-1436,B,Chennai,Normal,Male,Sports and Travel,676.57,9,304.46,6393.59,04-01-2023,20:46,Ewallet,4.4,,
INV-1437,C,Delhi,Member,Male,Home and Lifestyle,928.77,2,92.88,1950.42,29-05-2023,22:43,Credit Card,7.6,,
INV-1438,B,Chennai,Normal,Female,Sports and Travel,823.9,1,41.2,865.1,31-08-2023,12:34,Cash,4.8,,
INV-1439,B,Chennai,Normal,Male,Home and Lifestyle,680.52,6,204.16,4287.28,06-01-2023,18:55,Ewallet,4.8,,
INV-1440,A,Mumbai,Member,Female,Food and Beverages,552.05,2,55.2,1159.3,06-06-2023,13:47,Ewallet,9.4,,
INV-1441,B,Chennai,Member,Female,Fashion Accessories,852.94,3,127.94,2686.76,24-03-2023,12:14,Ewallet,9,,
INV-1442,A,Mumbai,Member,Male,Fashion Accessories,801.66,1,40.08,841.74,09-10-2023,17:41,Ewallet,4.4,,
INV-1443,C,Delhi,Member,Female,Health and Beauty,205.44,10,102.72,2157.12,07-09-2023,15:22,Cash,8,,
INV-1444,A,Mumbai,Member,Female,Food and Beverages,79.11,4,15.82,332.26,12-06-2023,17:28,Credit Card,7.7,,
INV-1445,B,Chennai,Member,Female,Home and Lifestyle,959.07,3,143.86,3021.07,03-01-2023,15:15,Cash,8.3,,
INV-1446,C,Delhi,Normal,Female,Home and Lifestyle,142.96,6,42.89,900.65,03-09-2023,17:28,Credit Card,8.6,,
INV-1447,B,Chennai,Member,Male,Fashion Accessories,610.56,5,152.64,3205.44,13-03-2023,18:12,Credit Card,8.4,,
INV-1448,C,Delhi,Member,Male,Health and Beauty,851.09,1,42.55,893.64,25-10-2023,19:25,Ewallet,5.3,,
INV-1449,A,Mumbai,Normal,Female,Fashion Accessories,777.45,6,233.24,4897.94,20-07-2023,13:57,Ewallet,8.4,,
INV-1450,B,Chennai,Member,Female,Food and Beverages,515.31,7,180.36,3787.53,06-07-2023,18:00,Ewallet,5.4,,
INV-1451,C,Delhi,Member,Male,Sports and Travel,167.63,10,83.81,1760.11,17-10-2023,20:55,Cash,8.4,,
INV-1452,B,Chennai,Normal,Male,Electronic Accessories,763.86,4,152.77,3208.21,02-02-2023,14:23,Cash,4.3,,
INV-1453,A,Mumbai,Normal,Female,Sports and Travel,918.72,1,45.94,964.66,21-01-2023,20:20,Cash,8.2,,
INV-1454,C,Delhi,Normal,Female,Food and Beverages,548.91,3,82.34,1729.07,12-07-2023,20:24,Credit Card,7.5,,
INV-1455,A,Mumbai,Normal,Female,Electronic Accessories,521.21,6,156.36,3283.62,26-06-2023,17:50,Credit Card,9.3,,
INV-1456,A,Mumbai,Member,Female,Electronic Accessories,237.69,9,106.96,2246.17,26-11-2023,14:13,Cash,5.1,,
INV-1457,B,Chennai,Member,Male,Sports and Travel,813.06,2,81.31,1707.43,04-09-2023,20:30,Credit Card,5.3,,
INV-1458,A,Mumbai,Normal,Male,Electronic Accessories,52.71,10,26.36,553.46,31-10-2023,12:08,Ewallet,7.1,,
INV-1459,C,Delhi,Member,Male,Electronic Accessories,265.68,3,39.85,836.89,22-09-2023,16:38,Ewallet,7.8,,
INV-1460,C,Delhi,Normal,Male,Electronic Accessories,454.71,8,181.88,3819.56,04-09-2023,12:14,Credit Card,7.6,,
INV-1461,C,Delhi,Member,Female,Electronic Accessories,726.94,6,218.08,4579.72,21-08-2023,19:37,Cash,5.4,,
INV-1462,B,Chennai,Member,Male,Health and Beauty,210.33,9,94.65,1987.62,17-12-2023,16:52,Cash,7.6,,
INV-1463,A,Mumbai,Normal,Male,Food and Beverages,508.3,2,50.83,1067.43,17-02-2023,17:42,Cash,9.4,,
INV-1464,C,Delhi,Member,Female,Food and Beverages,426.48,1,21.32,447.8,24-12-2023,18:27,Cash,9.6,,
INV-1465,B,Chennai,Normal,Female,Food and Beverages,806.57,10,403.29,8468.99,20-02-2023,16:08,Credit Card,6.9,,
INV-1466,A,Mumbai,Member,Female,Food and Beverages,878,7,307.3,6453.3,12-05-2023,13:00,Ewallet,8.5,,
INV-1467,A,Mumbai,Member,Male,Sports and Travel,658,6,197.4,4145.4,29-07-2023,15:06,Cash,6.6,,
INV-1468,C,Delhi,Normal,Female,Food and Beverages,429.33,6,128.8,2704.78,10-11-2023,14:43,Credit Card,8.5,,
INV-1469,B,Chennai,Normal,Male,Home and Lifestyle,563.5,8,225.4,4733.4,10-05-2023,14:36,Credit Card,8.6,,
INV-1470,B,Chennai,Member,Male,Fashion Accessories,237.47,3,35.62,748.03,21-02-2023,13:32,Credit Card,8.7,,
INV-1471,C,Delhi,Member,Male,Sports and Travel,964.92,1,48.25,1013.17,16-02-2023,12:30,Ewallet,6.6,,
INV-1472,A,Mumbai,Normal,Male,Home and Lifestyle,89.24,1,4.46,93.7,16-07-2023,16:39,Ewallet,7.1,,
INV-1473,C,Delhi,Member,Male,Fashion Accessories,499.42,1,24.97,524.39,14-04-2023,20:59,Ewallet,5.7,,
INV-1474,A,Mumbai,Member,Male,Fashion Accessories,45.7,4,9.14,191.94,02-12-2023,10:10,Cash,10,,
INV-1475,B,Chennai,Normal,Female,Sports and Travel,590.22,9,265.6,5577.58,08-01-2023,21:45,Cash,9.5,,
INV-1476,C,Delhi,Normal,Female,Home and Lifestyle,963.65,5,240.91,5059.16,26-04-2023,19:12,Credit Card,9.6,,
INV-1477,C,Delhi,Member,Female,Electronic Accessories,413.06,2,41.31,867.43,14-10-2023,11:32,Credit Card,6,,
INV-1478,A,Mumbai,Normal,Female,Fashion Accessories,448.34,7,156.92,3295.3,16-10-2023,17:49,Cash,8.5,,
INV-1479,B,Chennai,Normal,Male,Sports and Travel,125.11,2,12.51,262.73,15-07-2023,20:50,Cash,8.1,,
INV-1480,A,Mumbai,Normal,Female,Home and Lifestyle,521.34,1,26.07,547.41,25-12-2023,14:15,Credit Card,4.6,,
INV-1481,C,Delhi,Normal,Male,Food and Beverages,932.08,8,372.83,7829.47,10-06-2023,15:13,Ewallet,5.6,,
INV-1482,C,Delhi,Member,Female,Fashion Accessories,207.67,4,41.53,872.21,16-05-2023,13:14,Cash,9,,
INV-1483,C,Delhi,Normal,Male,Health and Beauty,128.68,2,12.87,270.23,13-12-2023,20:31,Ewallet,4,,
INV-1484,C,Delhi,Member,Female,Home and Lifestyle,624.46,8,249.78,5245.46,22-10-2023,14:31,Cash,9.9,,
INV-1485,C,Delhi,Normal,Female,Electronic Accessories,752.67,3,112.9,2370.91,28-01-2023,18:51,Credit Card,6.9,,
INV-1486,C,Delhi,Member,Female,Sports and Travel,861.8,3,129.27,2714.67,23-08-2023,11:44,Ewallet,6.8,,
INV-1487,C,Delhi,Member,Male,Fashion Accessories,218.64,10,109.32,2295.72,21-02-2023,15:23,Ewallet,9.2,,
INV-1488,A,Mumbai,Normal,Male,Home and Lifestyle,476.63,10,238.32,5004.62,25-06-2023,15:11,Credit Card,6.5,,
INV-1489,B,Chennai,Normal,Female,Sports and Travel,286.83,3,43.02,903.51,20-10-2023,12:36,Ewallet,5.4,,
INV-1490,A,Mumbai,Normal,Male,Food and Beverages,437.9,7,153.26,3218.56,11-04-2023,12:51,Ewallet,4.9,,
INV-1491,A,Mumbai,Member,Female,Sports and Travel,143.13,9,64.41,1352.58,01-10-2023,21:20,Credit Card,5.8,,
INV-1492,C,Delhi,Member,Female,Health and Beauty,693.64,1,34.68,728.32,21-04-2023,14:30,Ewallet,4.6,,
INV-1493,C,Delhi,Normal,Female,Home and Lifestyle,366.7,9,165.01,3465.31,12-05-2023,15:01,Credit Card,4.7,,
INV-1494,C,Delhi,Member,Male,Home and Lifestyle,361.56,9,162.7,3416.74,07-09-2023,22:47,Credit Card,9.3,,
INV-1495,B,Chennai,Normal,Female,Fashion Accessories,957.03,3,143.55,3014.64,24-11-2023,22:59,Credit Card,6.5,,
INV-1496,C,Delhi,Normal,Male,Health and Beauty,170.38,4,34.08,715.6,10-06-2023,15:41,Credit Card,8.3,,
INV-1497,C,Delhi,Normal,Female,Sports and Travel,783.16,6,234.95,4933.91,28-10-2023,18:28,Credit Card,5,,
INV-1498,A,Mumbai,Member,Male,Fashion Accessories,259.13,2,25.91,544.17,18-04-2023,12:25,Cash,4.6,,
INV-1499,B,Chennai,Member,Male,Sports and Travel,528.74,2,52.87,1110.35,23-02-2023,14:39,Cash,4.5,,
